id,first_name,last_name,email,gender,ip_address
1,Fancy,Swire,fswire0@nydailynews.com,Female,203.149.31.130
2,Helene,Kleinbaum,hkleinbaum1@list-manage.com,Female,166.34.190.60
3,Dawn,Flancinbaum,dflancinbaum2@canalblog.com,Female,189.53.47.12
4,Bar,Scarbarrow,bscarbarrow3@cnet.com,Male,169.21.89.67
5,Packston,Paulon,ppaulon4@last.fm,Male,119.104.141.139
6,Patten,Kenryd,pkenryd5@vistaprint.com,Male,131.55.84.75
7,Rozamond,Swadling,rswadling6@nydailynews.com,Female,60.55.72.72
8,Angelico,Peabody,apeabody7@virginia.edu,Male,254.131.118.48
9,Celia,Franceschielli,cfranceschielli8@java.com,Female,141.104.216.105
10,Albie,Gorhardt,agorhardt9@smh.com.au,Male,169.59.220.90